Workbook
Name Cod_clienti: #REF!
Name Cod_clienti: #REF!
Name Elenco0_1: #REF!
Name Elenco0_1: #REF!
Name Elenco0_7: #REF!
Name Elenco0_7: #REF!
Name TipoCorsa: #REF!
Name TipoCorsa: #REF!
Name TipoCorsa_7: #REF!
Name TipoCorsa_7: #REF!
Name VanoMet: #REF!
Name VanoMet: #REF!

Sheet Facile Step SRC
B2: FACILE STEP (SRC rettilineo) | G2: N° OFFERTA | H2: #VALUE!
B5: DESCRIZIONE
B6: Piattaforma 840x650 ribaltabile manualmente, bandelle mobili automatiche, dispositivi di sicurezza | F6: 8287.5 | G6: 1 | H6: =F6*G6 -> 8287.5
B7: GUIDA
B8: Ogni alzata della scala | D8: Numero | F8: 75 | H8: =F8*G8 -> 0
B9: Ogni metro di guida (alzate fuori standard, rampe, ecc.) | D9: Metri | F9: 225 | H9: =F9*G9 -> 0
B10: Extra guida zincata per esterni in cataforesi (suppl. PER ALZATA) | D10: Numero | F10: 30 | H10: =F10*G10 -> 0
B11: Extra guida zincata per esterni in cataforesi (suppl. PER METRO) | D11: Metri | F11: 90 | H11: =F11*G11 -> 0
B12: Colonnino chiamate ai piani (cad.) | D12: Numero | F12: 120 | H12: =F12*G12 -> 0
B13: ACCESSORI
B14: Cadauna fermata intermedia (con scatola chiamata/rimando) | D14: Numero | F14: 450 | H14: =F14*G14 -> 0
B15: Comando acustico luminoso a bordo | D15: Consigliato | F15: 225 | H15: =F15*G15 -> 0
B16: Pulsantiera estensibile per accompagnatore | D16: Consigliato | F16: 300 | H16: =F16*G16 -> 0
B17: Ribaltamento meccanizzato piattaforma | D17: Consigliato | F17: 675 | H17: =F17*G17 -> 0
B18: Portata maggiorata (200 Kg) | D18: Compreso | F18: 0 | H18: =F18*G18 -> 0
B19: Trattamento in cataforesi completa telaio, motrice, piattaforma | D19: Compreso | F19: 0 | H19: =F19*G19 -> 0
B20: Colore RAL a scelta della pedana e guida | D20: +2 settimane | F20: 750 | H20: =F20*G20 -> 0
B21: Strapuntino ribaltabile | F21: 375 | H21: =F21*G21 -> 0
B22: Piattaforma 840x700 mm | F22: 150 | H22: =F22*G22 -> 0
B23: Piattaforma speciale su misura | F23: 375 | H23: =F23*G23 -> 0
B24: Bandella laterale mobile (SML) | F24: 375 | H24: =F24*G24 -> 0
B25: Telo di copertura (obbligatorio per impianti all'esterno) | F25: 375 | H25: =F25*G25 -> 0 | IT25: variato 02/03
B26: Rimando maniglione anticaduta lato salita sempre incluso nella base | D26: Compreso | F26: 0 | H26: =F26*G26 -> 0
B27: Gruppo soccorritore anti black-out | F27: 750 | H27: =F27*G27 -> 0
B28: SMONTAGGIO E SMALTIMENTO
B29: Smontaggio e smaltimento impianto preesistente | F29: 750 | H29: =F29*G29 -> 0
B30: TRASPORTO
B31: Trasporto incluso | F31: 400 | G31: 1 | H31: 0
B32: Imballo incluso | F32: 80 | G32: 1 | H32: 0
B33: MONTAGGIO
B34: Montaggio base incluso | F34: 850 | G34: 1 | H34: 0
B35: Ogni alzata | D35: Numero | F35: 25 | H35: =F35*G35 -> 0
B36: Ogni metro di guida (alzate fuori standard, rampe…) | D36: Numero | F36: 80 | H36: =F36*G36 -> 0
B37: Contributo per sopralluogo rilievi | F37: 300 | H37: =F37*G37 -> 0
B38: Trasporto nei centri storici con ZTL- zona blu | F38: 150 | H38: =F38*G38 -> 0
B40: Pacchetto Valore | F40: =G40*0.05*(SUM(H6:H29)+SUM(H35:H38)+F31+F32+F34) -> 0 | H40: 0
C42: PREZZO DI LISTINO | G42: =SUM(H6:H29)+SUM(H35:H38)+F31+F32+F34+F40 -> 9617.5
C44: PROMO | F44: 0.15 | G44: =-(G42*G45) -> 0 | H44: =IF(G45>15%,"ATTENZIONE!","")
G45: 0 | H45: =IF(G45>15%,"SUPERATO LO SCONTO MASSIMO","")
C47: PREZZO RISERVATO | G47: =G42*(1-G45) -> 9617.5 | H47: ="+ IVA 4% = "&G47*1.04 -> + IVA 4% = 10002,2

Sheet Facile Step SSC
B2: FACILE STEP (SSC curvilineo) | G2: N° OFFERTA | H2: #VALUE!
B5: DESCRIZIONE
B6: Piattaforma 840x650 ribaltabile manualmente, bandelle mobili automatiche, dispositivi di sicurezza | F6: 10062 | G6: 1 | H6: =F6*G6 -> 10062
B7: GUIDA
B8: Ogni alzata della scala | D8: Numero | F8: 78 | H8: =F8*G8 -> 0
B9: Ogni metro di guida (alzate fuori standard, rampe, ecc.) | D9: Metri | F9: 234 | H9: =F9*G9 -> 0
B10: Extra guida zincata per esterni in cataforesi (suppl. PER ALZATA) | D10: Numero | F10: 31.2 | H10: =F10*G10 -> 0
B11: Extra guida zincata per esterni in cataforesi (suppl. PER METRO) | D11: Metri | F11: 93.6 | H11: =F11*G11 -> 0
B12: Colonnino chiamate ai piani (cad.) | D12: Numero | F12: 124.8 | H12: =F12*G12 -> 0
B13: Curva a 90° (anche parcheggio) | D13: Numero | F13: 702 | H13: =F13*G13 -> 0
B14: Curva a 180° (anche parcheggio) max spessore inghiera 250mm | D14: Numero | F14: 904.8 | H14: =F14*G14 -> 0
B15: Curva zincata (supplemento cadauna) | D15: Numero | F15: 78 | H15: =F15*G15 -> 0
B16: ACCESSORI
B17: Cadauna fermata intermedia (con scatola chiamata/rimando) | F17: 468 | H17: =F17*G17 -> 0
B18: Gruppo soccorritore anti black-out | F18: 780 | H18: =F18*G18 -> 0
B19: Comando acustico luminoso a bordo | D19: Consigliato | F19: 234 | H19: =F19*G19 -> 0
B20: Pulsantiera estensibile per accompagnatore | D20: Consigliato | F20: 312 | H20: =F20*G20 -> 0
B21: Ribaltamento meccanizzato piattaforma | D21: Consigliato | F21: 702 | H21: =F21*G21 -> 0
B22: Rimando maniglione anticaduta lato salita sempre incluso nella base | D22: Compreso | F22: 0 | H22: =F22*G22 -> 0
B23: Portata maggiorata (200 Kg) | D23: Compreso | F23: 0 | H23: =F23*G23 -> 0
B24: Trattamento in CATAFORESI completa del telaio, motrice, piattaforma | D24: Compreso | F24: 0 | H24: =F24*G24 -> 0
B25: Colore RAL a richiesta pedana e binario | D25: +2 settimane | F25: 780 | H25: =F25*G25 -> 0
B26: Strapuntino ribaltabile | F26: 390 | H26: =F26*G26 -> 0
B27: Piattaforma 840x700 mm | F27: 156 | H27: =F27*G27 -> 0
B28: Piattaforma speciale su misura | F28: 390 | H28: =F28*G28 -> 0
B29: Bandella laterale mobile (SML) | F29: 390 | H29: =F29*G29 -> 0
B30: Telo di copertura (obbligatorio per impianti all'esterno) | F30: 390 | H30: =F30*G30 -> 0
B31: SMONTAGGIO E SMALTIMENTO
B32: Smontaggio e smaltimento impianto preesistente | F32: 1000 | H32: =F32*G32 -> 0
B33: TRASPORTO
B34: Trasporto incluso | F34: 400 | G34: 1 | H34: 0
B35: Imballo incluso | F35: 80 | G35: 1 | H35: 0
B36: MONTAGGIO
B37: Montaggio base incluso | F37: 1000 | G37: 1 | H37: 0
B38: Ogni alzata | D38: Numero | F38: 30 | H38: =F38*G38 -> 0
B39: Ogni metro di guida (alzate fuori standard, rampe…) | D39: Numero | F39: 100 | H39: =F39*G39 -> 0
B40: Ogni curva | D40: Numero | F40: 60 | H40: =F40*G40 -> 0
B41: Fermata intermedia (cad.) | D41: Numero | F41: 50 | H41: =F41*G41 -> 0
B42: Contributo per sopralluogo rilievi | F42: 300 | H42: =F42*G42 -> 0
B43: Trasporto nei centri storici con ZTL- zona blu | F43: 150 | H43: =F43*G43 -> 0
B45: Pacchetto Valore | F45: =G45*0.05*(SUM(H6:H32)+SUM(H38:H43)+F34+F35+F37) -> 0 | H45: 0
C47: PREZZO DI LISTINO | G47: =SUM(H6:H32)+SUM(H38:H43)+F34+F35+F37+F45 -> 11542
C49: PROMO | F49: 0.15 | G49: =-(G47*G50) -> 0 | H49: =IF(G50>15%,"ATTENZIONE!","")
G50: 0 | H50: =IF(G50>15%,"SUPERATO LO SCONTO MASSIMO","")
C52: PREZZO RISERVATO | G52: =G47*(1-G50) -> 11542 | H52: ="+ IVA 4% = "&G52*1.04 -> + IVA 4% = 12003,68

Sheet Facile Step X3
B2: FACILE STEP (X3 rettilineo) | G2: N° OFFERTA | H2: #VALUE!
B5: BASE IMPIANTO | H5: Totale Listino | V5: UM | X5: CALCOLO DEL PREZZO DELLA GUIDA
B6: 1 | C6: Prezzo Base Impianto | F6: 9245.6 | G6: 1 | H6: =F6*G6 -> 9245.6 | V6: m | W6: =ROUND('Facile Step X3'!G17,1) -> 1.8 | X6: diagonale naso-naso
B7: 1a | C7: Guida tagliata / forata a misura | F7: 267.8 | H7: =F7*G7 -> 0 | V7: € | W7: ='Facile Step X3'!AD12 -> 685 | X7: prezzo totale
B8: 2 | C8: Dimensioni Piattaforma: | F8: 0 | H8: =F8*G8 -> 0 | X8: composizione guida
C9: 640x680 | F9: 845 | H9: =F9*G9 -> 0 | V9: nr | W9: =VLOOKUP(ROUND('Facile Step X3'!$AC$12,1),'Facile Step X3'!$U$25:$AI$125,5,0) -> 1 | X9: sezione guida 1000
C10: 700X750 | F10: 0 | H10: =F10*G10 -> 0 | V10: nr | W10: =VLOOKUP(ROUND('Facile Step X3'!$AC$12,1),'Facile Step X3'!$U$25:$AI$125,6,0) -> 0 | X10: sezione guida 1400
C11: 800X800 | F11: 0 | H11: =F11*G11 -> 0 | V11: nr | W11: =VLOOKUP(ROUND('Facile Step X3'!$AC$12,1),'Facile Step X3'!$U$25:$AI$125,7,0) -> 0 | X11: sezione guida 1800 | AB11: Rail costs simulation | AD11: rail price
C12: 800x900 | F12: 0 | H12: =F12*G12 -> 0 | V12: nr | W12: =VLOOKUP(ROUND('Facile Step X3'!$AC$12,1),'Facile Step X3'!$U$25:$AI$125,8,0) -> 1 | X12: sezione guida 2200 | AB12: slope (m) | AC12: ='Facile Step X3'!W6 -> 1.8 | AD12: =VLOOKUP((ROUND(AC12,1)),U25:AI125,14,0) -> 685
C13: 800x1050 | F13: 469.3 | H13: =F13*G13 -> 0 | V13: nr | W13: =W9+W10+W11+W12 -> 2 | X13: numero di sezioni guida
C14: 800x1220 | F14: 469.3 | H14: =F14*G14 -> 0 | V14: nr | W14: =VLOOKUP(ROUND('Facile Step X3'!$AC$12,1),'Facile Step X3'!$U$25:$AI$125,12,0) -> 1 | X14: KIT giunzione
B15: 4 | C15: Piattaforma speciale | F15: 1553.5 | H15: =F15*G15 -> 0 | V15: nr | W15: =VLOOKUP(ROUND('Facile Step X3'!$AC$12,1),'Facile Step X3'!$U$25:$AI$125,13,0) -> 5 | X15: fissaggi guida inferiore
B16: GUIDE | V16: mm | W16: =VLOOKUP(ROUND('Facile Step X3'!$AC$12,1),'Facile Step X3'!$U$25:$AI$125,10,0) -> 100 | X16: Lunghezza eccedente
B17: 5 | C17: Corsa impianto (misura diagonale scala naso-naso) | E17: Metri | G17: 1.76 | H17: =F17*G17 -> 0 | V17: m | W17: =W6 -> 1.8 | X17: Lunghezza fissaggio a gradino
C18: Sezione guida 1,0m | F18: 247 | G18: ='Facile Step X3'!W9 -> 1 | H18: =F18*G18 -> 247 | V18: nr | W18: =VLOOKUP(W17,'Facile Step X3'!$U$25:$AI$125,15,0) -> 6 | X18: Numero di pilastrini
C19: Sezione guida 1,4m | F19: 339.3 | G19: ='Facile Step X3'!W10 -> 0 | H19: =F19*G19 -> 0 | V19: m | W19: =(VLOOKUP(ROUND('Facile Step X3'!$AC$12,1),'Facile Step X3'!$U$25:$AI$125,9,0))/1000 -> 3.2 | X19: Lunghezza totale guida
C20: Sezione guida 1,8m | F20: 431.6 | G20: ='Facile Step X3'!W11 -> 0 | H20: =F20*G20 -> 0
C21: Sezione guida 2,2m | F21: 525.2 | G21: ='Facile Step X3'!W12 -> 1 | H21: =F21*G21 -> 525.2 | Y21: rail section prices | AF21: splice price | AG21: bracket price
C22: Kit giunzione | F22: 79.3 | G22: ='Facile Step X3'!W14 -> 1 | H22: =F22*G22 -> 79.3 | Y22: 184 | Z22: 253 | AA22: 322 | AB22: 392 | AF22: 59 | AG22: 10
C23: Fissaggi guida inferiore | F23: 13 | G23: ='Facile Step X3'!W15 -> 5 | H23: =F23*G23 -> 65 | U23: 1 | V23: 2 | W23: 3 | X23: 4 | Y23: 5 | Z23: 6 | AA23: 7 | AB23: 8 | AC23: 9 | AD23: 10 | AE23: 11 | AF23: 12 | AG23: 13 | AH23: 14 | AI23: 15
B24: FISSAGGIO | U24: Slope to floor (m) | V24: slope (nose to nose) | W24: Travel (last nose to flor) | X24: required rail length | Y24: 1000 | Z24: 1400 | AA24: 1800 | AB24: 2200 | AC24: actual rail total length | AD24: rail length excess (mm) | AE24: q.ty of sections | AF24: q.ty of splices | AG24: bracket quantity | AH24: Total rail price | AI24: towers q.ty
B25: 6 | C25: Fissaggio a Muro | H25: =F25*G25 -> 0 | U25: \ | V25: 0 | W25: 0 | X25: 0 | AC25: 0 | AD25: 0 | AE25: 0 | AF25: 0 | AG25: 0 | AH25: 0 | AI25: 0
B26: 7 | C26: Fissaggio a Gradino | F26: 131 | H26: =G26*F26*'Facile Step X3'!W18 -> 0 | U26: 0 | V26: 0 | W26: 300 | X26: 1300 | Z26: 1 | AC26: 1400 | AD26: 100 | AE26: 1 | AF26: 0 | AG26: 3 | AH26: 283 | AI26: 3
B27: LAVORAZIONI E FINITURE | U27: 0.1 | V27: 100 | W27: 400 | X27: 1400 | Z27: 1 | AC27: 1400 | AD27: 0 | AE27: 1 | AF27: 0 | AG27: 3 | AH27: 283 | AI27: 3
B28: 8 | C28: Zincatura Pilastrini | F28: 33.8 | H28: =G28*F28*G26*'Facile Step X3'!W18 -> 0 | U28: 0.2 | V28: 200 | W28: 500 | X28: 1500 | AA28: 1 | AC28: 1800 | AD28: 300 | AE28: 1 | AF28: 0 | AG28: 3 | AH28: 352 | AI28: 3
B29: 9 | C29: Verniciatura sostegni RAL (a richiesta) | F29: 46.8 | H29: =G29*F29*G26*'Facile Step X3'!W18 -> 0 | U29: 0.3 | V29: 300 | W29: 600 | X29: 1600 | AA29: 1 | AC29: 1800 | AD29: 200 | AE29: 1 | AF29: 0 | AG29: 3 | AH29: 352 | AI29: 3
B30: 10 | C30: Verniciatura guida RAL (a richiesta) | F30: 829.4 | H30: =F30*G30 -> 0 | U30: 0.4 | V30: 400 | W30: 700 | X30: 1700 | AA30: 1 | AC30: 1800 | AD30: 100 | AE30: 1 | AF30: 0 | AG30: 3 | AH30: 352 | AI30: 4
B31: 11 | C31: Verniciatura Veicolo completo RAL (a richiesta) | F31: 1225.9 | H31: =F31*G31 -> 0 | U31: 0.5 | V31: 500 | W31: 800 | X31: 1800 | AA31: 1 | AC31: 1800 | AD31: 0 | AE31: 1 | AF31: 0 | AG31: 3 | AH31: 352 | AI31: 4
B32: OPTIONALS | U32: 0.6 | V32: 600 | W32: 900 | X32: 1900 | AB32: 1 | AC32: 2200 | AD32: 300 | AE32: 1 | AF32: 0 | AG32: 4 | AH32: 432 | AI32: 4
B33: 12 | C33: Pulsantiera Accompagnatore | E33: Numero | F33: 183.3 | H33: =F33*G33 -> 0 | U33: 0.7 | V33: 700 | W33: 1000 | X33: 2000 | AB33: 1 | AC33: 2200 | AD33: 200 | AE33: 1 | AF33: 0 | AG33: 4 | AH33: 432 | AI33: 4
B34: 13 | C34: Pilastrino per pulsantiera | E34: Numero | F34: 243.1 | H34: =F34*G34 -> 0 | U34: 0.8 | V34: 800 | W34: 1100 | X34: 2100 | AB34: 1 | AC34: 2200 | AD34: 100 | AE34: 1 | AF34: 0 | AG34: 4 | AH34: 432 | AI34: 4
B35: 14 | C35: Tettuccio copripulsantiera per impianti esterni | E35: Numero | F35: 39 | H35: =F35*G35 -> 0 | U35: 0.9 | V35: 900 | W35: 1200 | X35: 2200 | AB35: 1 | AC35: 2200 | AD35: 0 | AE35: 1 | AF35: 0 | AG35: 4 | AH35: 432 | AI35: 4
B36: 15 | C36: Tamponamenti PLEXIGLASS | E36: Metri | F36: 725.4 | H36: =F36*G36 -> 0 | U36: 1 | V36: 1000 | W36: 1300 | X36: 2300 | Y36: 1 | Z36: 1 | AC36: 2400 | AD36: 100 | AE36: 2 | AF36: 1 | AG36: 4 | AH36: 536 | AI36: 4
B37: 16 | C37: Seggiolino Imbottito | F37: 439.4 | H37: =F37*G37 -> 0 | U37: 1.1 | V37: 1100 | W37: 1400 | X37: 2400 | Y37: 1 | Z37: 1 | AC37: 2400 | AD37: 0 | AE37: 2 | AF37: 1 | AG37: 4 | AH37: 536 | AI37: 5
B38: 17 | C38: Prolunga per rampe | H38: =F38*G38 -> 0 | U38: 1.2 | V38: 1200 | W38: 1500 | X38: 2500 | Z38: 2 | AC38: 2800 | AD38: 300 | AE38: 2 | AF38: 1 | AG38: 4 | AH38: 605 | AI38: 5
C39: Destra | F39: 161.2 | H39: =F39*G39 -> 0 | U39: 1.3 | V39: 1300 | W39: 1600 | X39: 2600 | Z39: 2 | AC39: 2800 | AD39: 200 | AE39: 2 | AF39: 1 | AG39: 4 | AH39: 605 | AI39: 5
C40: Sinistra | F40: 161.2 | H40: =F40*G40 -> 0 | U40: 1.4 | V40: 1400 | W40: 1700 | X40: 2700 | Z40: 2 | AC40: 2800 | AD40: 100 | AE40: 2 | AF40: 1 | AG40: 5 | AH40: 615 | AI40: 5
B41: 18 | C41: Rampe fisse | H41: =F41*G41 -> 0 | U41: 1.5 | V41: 1500 | W41: 1800 | X41: 2800 | Z41: 2 | AC41: 2800 | AD41: 0 | AE41: 2 | AF41: 1 | AG41: 5 | AH41: 615 | AI41: 5
C42: Destra | F42: 161.2 | H42: =F42*G42 -> 0 | U42: 1.6 | V42: 1600 | W42: 1900 | X42: 2900 | Y42: 1 | AB42: 1 | AC42: 3200 | AD42: 300 | AE42: 2 | AF42: 1 | AG42: 5 | AH42: 685 | AI42: 5
C43: Sinistra | F43: 161.2 | H43: =F43*G43 -> 0 | U43: 1.7 | V43: 1700 | W43: 2000 | X43: 3000 | Y43: 1 | AB43: 1 | AC43: 3200 | AD43: 200 | AE43: 2 | AF43: 1 | AG43: 5 | AH43: 685 | AI43: 5
B44: 20 | C44: Telo di Copertura per veicoli | F44: 312 | H44: =F44*G44 -> 0 | U44: 1.8 | V44: 1800 | W44: 2100 | X44: 3100 | Y44: 1 | AB44: 1 | AC44: 3200 | AD44: 100 | AE44: 2 | AF44: 1 | AG44: 5 | AH44: 685 | AI44: 6
B45: 21 | C45: Bloccaggio piattaforma solenoide (AUTO) | F45: 343.2 | H45: =F45*G45 -> 0 | U45: 1.9 | V45: 1900 | W45: 2200 | X45: 3200 | Y45: 1 | AB45: 1 | AC45: 3200 | AD45: 0 | AE45: 2 | AF45: 1 | AG45: 5 | AH45: 685 | AI45: 6
B46: 22 | C46: Parapiede pieghevole (solo 900/1050/1220) | F46: 445.9 | H46: =F46*G46 -> 0 | U46: 2 | V46: 2000 | W46: 2300 | X46: 3300 | Z46: 1 | AB46: 1 | AC46: 3600 | AD46: 300 | AE46: 2 | AF46: 1 | AG46: 5 | AH46: 754 | AI46: 6
B47: 23 | C47: Imbarco laterale (escluso 640x680) | F47: 2055.3 | H47: =F47*G47 -> 0 | U47: 2.1 | V47: 2100 | W47: 2400 | X47: 3400 | Z47: 1 | AB47: 1 | AC47: 3600 | AD47: 200 | AE47: 2 | AF47: 1 | AG47: 6 | AH47: 764 | AI47: 6
B48: 24 | C48: Battery 18Am OBBLIGATORIO SE DIAGONAL STAIR>6MT | F48: 210.6 | H48: =F48*G48 -> 0 | U48: 2.2 | V48: 2200 | W48: 2500 | X48: 3500 | Z48: 1 | AB48: 1 | AC48: 3600 | AD48: 100 | AE48: 2 | AF48: 1 | AG48: 6 | AH48: 764 | AI48: 6
B49: 25 | C49: Chiavi supplementari | E49: Numero | F49: 15.6 | H49: =F49*G49 -> 0 | U49: 2.3 | V49: 2300 | W49: 2600 | X49: 3600 | Z49: 1 | AB49: 1 | AC49: 3600 | AD49: 0 | AE49: 2 | AF49: 1 | AG49: 6 | AH49: 764 | AI49: 6
B50: 25a | C50: One Touch Alert | F50: 603.2 | H50: =F50*G50 -> 0 | U50: 2.4 | V50: 2400 | W50: 2700 | X50: 3700 | AA50: 1 | AB50: 1 | AC50: 4000 | AD50: 300 | AE50: 2 | AF50: 1 | AG50: 6 | AH50: 833 | AI50: 7
B51: 25b | C51: Kit spessori per fissaggio a muro (10 pezzi) | F51: 143 | H51: =F51*G51 -> 0 | U51: 2.5 | V51: 2500 | W51: 2800 | X51: 3800 | AA51: 1 | AB51: 1 | AC51: 4000 | AD51: 200 | AE51: 2 | AF51: 1 | AG51: 6 | AH51: 833 | AI51: 7
B52: 26 | C52: Richiesta speciale (da approvare) | H52: =F52*G52 -> 0 | U52: 2.6 | V52: 2600 | W52: 2900 | X52: 3900 | AA52: 1 | AB52: 1 | AC52: 4000 | AD52: 100 | AE52: 2 | AF52: 1 | AG52: 6 | AH52: 833 | AI52: 7
U53: 2.7 | V53: 2700 | W53: 3000 | X53: 4000 | AA53: 1 | AB53: 1 | AC53: 4000 | AD53: 0 | AE53: 2 | AF53: 1 | AG53: 6 | AH53: 833 | AI53: 7
B54: 27 | C54: Smontaggio e smaltimento impianto | F54: 750 | H54: =F54*G54 -> 0 | U54: 2.8 | V54: 2800 | W54: 3100 | X54: 4100 | AB54: 2 | AC54: 4400 | AD54: 300 | AE54: 2 | AF54: 1 | AG54: 6 | AH54: 903 | AI54: 7
B55: 28 | C55: Trasporto incluso | F55: 500 | G55: 1 | U55: 2.9 | V55: 2900 | W55: 3200 | X55: 4200 | AB55: 2 | AC55: 4400 | AD55: 200 | AE55: 2 | AF55: 1 | AG55: 7 | AH55: 913 | AI55: 7
B56: 29 | C56: Installazione incluso | F56: 800 | G56: 1 | U56: 3 | V56: 3000 | W56: 3300 | X56: 4300 | AB56: 2 | AC56: 4400 | AD56: 100 | AE56: 2 | AF56: 1 | AG56: 7 | AH56: 913 | AI56: 7
B57: 30 | C57: Pacchetto Valore | F57: =G57*0.05*(SUM(H6:H54)+F55+F56) -> 0 | U57: 3.1 | V57: 3100 | W57: 3400 | X57: 4400 | AB57: 2 | AC57: 4400 | AD57: 0 | AE57: 2 | AF57: 1 | AG57: 7 | AH57: 913 | AI57: 8
U58: 3.2 | V58: 3200 | W58: 3500 | X58: 4500 | Z58: 2 | AA58: 1 | AC58: 4600 | AD58: 100 | AE58: 3 | AF58: 2 | AG58: 7 | AH58: 1016 | AI58: 8
D59: PREZZO DI LISTINO | G59: =SUM(H6:H54)+F57+F55+F56 -> 11462.1 | U59: 3.3 | V59: 3300 | W59: 3600 | X59: 4600 | Z59: 2 | AA59: 1 | AC59: 4600 | AD59: 0 | AE59: 3 | AF59: 2 | AG59: 7 | AH59: 1016 | AI59: 8
U60: 3.4 | V60: 3400 | W60: 3700 | X60: 4700 | Z60: 2 | AB60: 1 | AC60: 5000 | AD60: 300 | AE60: 3 | AF60: 2 | AG60: 7 | AH60: 1086 | AI60: 8
D61: PROMO | F61: 0.15 | G61: =-(G59*G62) -> 0 | H61: =IF(G62>15%,"ATTENZIONE!","") | U61: 3.5 | V61: 3500 | W61: 3800 | X61: 4800 | Z61: 2 | AB61: 1 | AC61: 5000 | AD61: 200 | AE61: 3 | AF61: 2 | AG61: 7 | AH61: 1086 | AI61: 8
G62: 0 | H62: =IF(G62>15%,"SUPERATO LO SCONTO MASSIMO","") | U62: 3.6 | V62: 3600 | W62: 3900 | X62: 4900 | Z62: 2 | AB62: 1 | AC62: 5000 | AD62: 100 | AE62: 3 | AF62: 2 | AG62: 8 | AH62: 1096 | AI62: 8
U63: 3.7 | V63: 3700 | W63: 4000 | X63: 5000 | Y63: 1 | AA63: 1 | AB63: 1 | AC63: 5000 | AD63: 0 | AE63: 3 | AF63: 2 | AG63: 8 | AH63: 1096 | AI63: 8
D64: PREZZO RISERVATO | G64: =G59*(1-G62) -> 11462.1 | H64: ="+ IVA 4% = "&G64*1.04 -> + IVA 4% = 11920,584 | U64: 3.8 | V64: 3800 | W64: 4100 | X64: 5100 | Y64: 3 | AB64: 1 | AC64: 5200 | AD64: 100 | AE64: 4 | AF64: 3 | AG64: 8 | AH64: 1201 | AI64: 9
U65: 3.9 | V65: 3900 | W65: 4200 | X65: 5200 | Y65: 3 | AB65: 1 | AC65: 5200 | AD65: 0 | AE65: 4 | AF65: 3 | AG65: 8 | AH65: 1201 | AI65: 9
U66: 4 | V66: 4000 | W66: 4300 | X66: 5300 | Y66: 1 | AB66: 2 | AC66: 5400 | AD66: 100 | AE66: 3 | AF66: 2 | AG66: 8 | AH66: 1166 | AI66: 9
U67: 4.1 | V67: 4100 | W67: 4400 | X67: 5400 | Y67: 1 | AB67: 2 | AC67: 5400 | AD67: 0 | AE67: 3 | AF67: 2 | AG67: 8 | AH67: 1166 | AI67: 9
U68: 4.2 | V68: 4200 | W68: 4500 | X68: 5500 | Y68: 2 | AA68: 2 | AC68: 5600 | AD68: 100 | AE68: 4 | AF68: 3 | AG68: 8 | AH68: 1269 | AI68: 9
U69: 4.3 | V69: 4300 | W69: 4600 | X69: 5600 | Y69: 2 | AA69: 2 | AC69: 5600 | AD69: 0 | AE69: 4 | AF69: 3 | AG69: 8 | AH69: 1269 | AI69: 9
U70: 4.4 | V70: 4400 | W70: 4700 | X70: 5700 | AA70: 2 | AB70: 1 | AC70: 5800 | AD70: 100 | AE70: 3 | AF70: 2 | AG70: 9 | AH70: 1244 | AI70: 10
U71: 4.5 | V71: 4500 | W71: 4800 | X71: 5800 | AA71: 2 | AB71: 1 | AC71: 5800 | AD71: 0 | AE71: 3 | AF71: 2 | AG71: 9 | AH71: 1244 | AI71: 10
U72: 4.6 | V72: 4600 | W72: 4900 | X72: 5900 | AA72: 1 | AB72: 2 | AC72: 6200 | AD72: 300 | AE72: 3 | AF72: 2 | AG72: 9 | AH72: 1314 | AI72: 10
U73: 4.7 | V73: 4700 | W73: 5000 | X73: 6000 | AA73: 1 | AB73: 2 | AC73: 6200 | AD73: 200 | AE73: 3 | AF73: 2 | AG73: 9 | AH73: 1314 | AI73: 10
U74: 4.8 | V74: 4800 | W74: 5100 | X74: 6100 | AA74: 1 | AB74: 2 | AC74: 6200 | AD74: 100 | AE74: 3 | AF74: 2 | AG74: 9 | AH74: 1314 | AI74: 10
U75: 4.9 | V75: 4900 | W75: 5200 | X75: 6200 | AA75: 1 | AB75: 2 | AC75: 6200 | AD75: 0 | AE75: 3 | AF75: 2 | AG75: 9 | AH75: 1314 | AI75: 10
U76: 5 | V76: 5000 | W76: 5300 | X76: 6300 | AB76: 3 | AC76: 6600 | AD76: 300 | AE76: 3 | AF76: 2 | AG76: 9 | AH76: 1384 | AI76: 10
U77: 5.1 | V77: 5100 | W77: 5400 | X77: 6400 | AB77: 3 | AC77: 6600 | AD77: 200 | AE77: 3 | AF77: 2 | AG77: 10 | AH77: 1394 | AI77: 11
U78: 5.2 | V78: 5200 | W78: 5500 | X78: 6500 | AB78: 3 | AC78: 6600 | AD78: 100 | AE78: 3 | AF78: 2 | AG78: 10 | AH78: 1394 | AI78: 11
U79: 5.3 | V79: 5300 | W79: 5600 | X79: 6600 | AB79: 3 | AC79: 6600 | AD79: 0 | AE79: 3 | AF79: 2 | AG79: 10 | AH79: 1394 | AI79: 11
U80: 5.4 | V80: 5400 | W80: 5700 | X80: 6700 | Y80: 1 | Z80: 1 | AB80: 2 | AC80: 6800 | AD80: 100 | AE80: 4 | AF80: 3 | AG80: 10 | AH80: 1498 | AI80: 11
U81: 5.5 | V81: 5500 | W81: 5800 | X81: 6800 | Y81: 1 | Z81: 1 | AB81: 2 | AC81: 6800 | AD81: 0 | AE81: 4 | AF81: 3 | AG81: 10 | AH81: 1498 | AI81: 11
U82: 5.6 | V82: 5600 | W82: 5900 | X82: 6900 | Y82: 1 | AA82: 1 | AB82: 2 | AC82: 7200 | AD82: 300 | AE82: 4 | AF82: 3 | AG82: 10 | AH82: 1567 | AI82: 11
U83: 5.7 | V83: 5700 | W83: 6000 | X83: 7000 | Z83: 1 | AA83: 2 | AB83: 1 | AC83: 7200 | AD83: 200 | AE83: 4 | AF83: 3 | AG83: 10 | AH83: 1566 | AI83: 11
U84: 5.8 | V84: 5800 | W84: 6100 | X84: 7100 | Z84: 1 | AA84: 2 | AB84: 1 | AC84: 7200 | AD84: 100 | AE84: 4 | AF84: 3 | AG84: 10 | AH84: 1566 | AI84: 12
U85: 5.9 | V85: 5900 | W85: 6200 | X85: 7200 | Z85: 1 | AA85: 2 | AB85: 1 | AC85: 7200 | AD85: 0 | AE85: 4 | AF85: 3 | AG85: 11 | AH85: 1576 | AI85: 12
U86: 6 | V86: 6000 | W86: 6300 | X86: 7300 | Y86: 1 | AB86: 3 | AC86: 7600 | AD86: 300 | AE86: 4 | AF86: 3 | AG86: 11 | AH86: 1647 | AI86: 12
U87: 6.1 | V87: 6100 | W87: 6400 | X87: 7400 | Y87: 1 | AB87: 3 | AC87: 7600 | AD87: 200 | AE87: 4 | AF87: 3 | AG87: 11 | AH87: 1647 | AI87: 12
U88: 6.2 | V88: 6200 | W88: 6500 | X88: 7500 | Y88: 1 | AB88: 3 | AC88: 7600 | AD88: 100 | AE88: 4 | AF88: 3 | AG88: 11 | AH88: 1647 | AI88: 12
U89: 6.3 | V89: 6300 | W89: 6600 | X89: 7600 | Y89: 1 | AB89: 3 | AC89: 7600 | AD89: 0 | AE89: 4 | AF89: 3 | AG89: 11 | AH89: 1647 | AI89: 12
U90: 6.4 | V90: 6400 | W90: 6700 | X90: 7700 | Z90: 1 | AB90: 3 | AC90: 8000 | AD90: 300 | AE90: 4 | AF90: 3 | AG90: 11 | AH90: 1716 | AI90: 13
U91: 6.5 | V91: 6500 | W91: 6800 | X91: 7800 | Z91: 1 | AB91: 3 | AC91: 8000 | AD91: 200 | AE91: 4 | AF91: 3 | AG91: 11 | AH91: 1716 | AI91: 13
U92: 6.6 | V92: 6600 | W92: 6900 | X92: 7900 | Z92: 1 | AB92: 3 | AC92: 8000 | AD92: 100 | AE92: 4 | AF92: 3 | AG92: 12 | AH92: 1726 | AI92: 13
U93: 6.7 | V93: 6700 | W93: 7000 | X93: 8000 | Z93: 1 | AB93: 3 | AC93: 8000 | AD93: 0 | AE93: 4 | AF93: 3 | AG93: 12 | AH93: 1726 | AI93: 13
U94: 6.8 | V94: 6800 | W94: 7100 | X94: 8100 | AA94: 1 | AB94: 3 | AC94: 8400 | AD94: 300 | AE94: 4 | AF94: 3 | AG94: 12 | AH94: 1795 | AI94: 13
U95: 6.9 | V95: 6900 | W95: 7200 | X95: 8200 | AA95: 1 | AB95: 3 | AC95: 8400 | AD95: 200 | AE95: 4 | AF95: 3 | AG95: 12 | AH95: 1795 | AI95: 13
U96: 7 | V96: 7000 | W96: 7300 | X96: 8300 | AA96: 1 | AB96: 3 | AC96: 8400 | AD96: 100 | AE96: 4 | AF96: 3 | AG96: 12 | AH96: 1795 | AI96: 13
U97: 7.1 | V97: 7100 | W97: 7400 | X97: 8400 | AA97: 1 | AB97: 3 | AC97: 8400 | AD97: 0 | AE97: 4 | AF97: 3 | AG97: 12 | AH97: 1795 | AI97: 14
U98: 7.2 | V98: 7200 | W98: 7500 | X98: 8500 | Y98: 2 | AB98: 3 | AC98: 8600 | AD98: 100 | AE98: 5 | AF98: 4 | AG98: 12 | AH98: 1900 | AI98: 14
U99: 7.3 | V99: 7300 | W99: 7600 | X99: 8600 | Y99: 2 | AB99: 3 | AC99: 8600 | AD99: 0 | AE99: 5 | AF99: 4 | AG99: 12 | AH99: 1900 | AI99: 14
U100: 7.4 | V100: 7400 | W100: 7700 | X100: 8700 | Y100: 1 | Z100: 1 | AB100: 3 | AC100: 9000 | AD100: 300 | AE100: 5 | AF100: 4 | AG100: 13 | AH100: 1979 | AI100: 14
U101: 7.5 | V101: 7500 | W101: 7800 | X101: 8800 | Y101: 1 | Z101: 1 | AB101: 3 | AC101: 9000 | AD101: 200 | AE101: 5 | AF101: 4 | AG101: 13 | AH101: 1979 | AI101: 14
U102: 7.6 | V102: 7600 | W102: 7900 | X102: 8900 | Y102: 1 | Z102: 1 | AB102: 3 | AC102: 9000 | AD102: 100 | AE102: 5 | AF102: 4 | AG102: 13 | AH102: 1979 | AI102: 14
U103: 7.7 | V103: 7700 | W103: 8000 | X103: 9000 | Y103: 1 | Z103: 1 | AB103: 3 | AC103: 9000 | AD103: 0 | AE103: 5 | AF103: 4 | AG103: 13 | AH103: 1979 | AI103: 14
...

Sheet Facile Step ARTIRA
B2: FACILE STEP (ARTIRA curvilineo) | G2: N° OFFERTA | H2: #VALUE!
B5: BASE IMPIANTO
B6: 1 | C6: Tipo di scala | E6: Aggiungi nota
B7: 2 | C7: Posizione Impianto | E7: Seleziona | L7: Interno | O7: Trasparente | P7: Interno | Q7: Destro | R7: No
B8: 3 | C8: Lato impianto | E8: Seleziona | L8: Esterno | O8: Fumè | P8: Esterno | Q8: Sinistro | R8: Si
B9: 4 | C9: Configurazione impianto | E9: Aggiungi nota
B10: 5 | C10: Prezzo base impianto | F10: 12906.6 | G10: 1 | H10: =F10*G10 -> 12906.6 | L10: Sinistro
B11: 6 | C11: Dimensioni Piattaforma: | F11: 0 | L11: Destro
C12: 640x680 | F12: 504 | H12: =F12*G12 -> 0
C13: 700X750 | F13: 0 | H13: =F13*G13 -> 0
C14: 800X800 | F14: 0 | H14: =F14*G14 -> 0
C15: 800x900 | F15: 0 | H15: =F15*G15 -> 0
C16: 800x1050 | F16: 505.4 | H16: =F16*G16 -> 0
C17: 800x1220 | F17: 505.4 | H17: =F17*G17 -> 0
B18: 7 | C18: Caratteristiche Veicolo | E18: Aggiungi nota | F18: 0
B19: 8 | C19: Piattaforma speciale (da approvare) | F19: 2690.8 | H19: =F19*G19 -> 0
B20: 9 | C20: Piattaforma speciale CHIOCCIOLA (da approvare) | F20: 5486.6 | H20: =F20*G20 -> 0
B21: GUIDE
B22: 10 | C22: Corsa Impianto (Metro Binario) | E22: Metri | F22: 571.2 | H22: =F22*G22 -> 0
B23: 11 | C23: Partenza Veicolo | F23: 0
C24: Diritta | F24: 0 | H24: =F24*G24 -> 0
C25: Diritta Ridotta | F25: 546 | H25: =F25*G25 -> 0
C26: 90° | F26: 546 | H26: =F26*G26 -> 0
C27: 180° | F27: 702.8 | H27: =F27*G27 -> 0
C28: Speciale | F28: 905.8 | H28: =F28*G28 -> 0
B29: 12 | C29: Arrivo Veicolo | F29: 0
C30: Diritto | F30: 0 | H30: =F30*G30 -> 0
C31: 90° | F31: 546 | H31: =F31*G31 -> 0
C32: 180° | F32: 702.8 | H32: =F32*G32 -> 0
C33: Speciale | F33: 905.8 | H33: =F33*G33 -> 0
B34: 13 | C34: Curva di percorso a 180° | E34: Numero | F34: 702.8 | H34: =F34*G34 -> 0
B35: 14 | C35: Curva di percorso a 90° | E35: Numero | F35: 546 | H35: =F35*G35 -> 0
B36: 15 | C36: Curva di percorso a Pedoca (disegno speciale inviare photosurvey) | E36: Numero | F36: 1887.2 | H36: =F36*G36 -> 0
B37: 16 | C37: Curva Negativa (<90°) | E37: Numero | F37: 3190.6 | H37: =F37*G37 -> 0
B38: 17 | C38: Curva Raggio Variabile (disegno speciale inviare photosurvey) | E38: Numero | F38: 1785 | H38: =F38*G38 -> 0
B39: 18 | C39: Base Orizzontale - 3° Tubo (include 1m di percorso e i cambi di pendenza) | F39: 1010.8 | H39: =F39*G39 -> 0
B40: 19 | C40: Eccedenza Orizzontale - 3° Tubo | E40: Metri | F40: 240.8 | H40: =F40*G40 -> 0
B41: FISSAGGIO
B42: 20 | C42: Fissaggio a Muro | E42: Metri | F42: 63 | H42: =F42*G42 -> 0
B43: 21 | C43: Fissaggio a Muro con Contro-Piastre | E43: Metri | F43: 96.6 | H43: =F43*G43 -> 0
B44: 22 | C44: Fissaggio a Gradino | E44: Metri | F44: 229.6 | H44: =F44*G44 -> 0
B45: 23 | C45: Fissaggio a Zoccolo | E45: Metri | F45: 474.6 | H45: =F45*G45 -> 0
B46: 24 | C46: Fissaggio nell'Occhio della Scala | E46: Metri | F46: 474.6 | H46: =F46*G46 -> 0
B47: GRUPPO DI TRAINO
B48: 25 | C48: Posizionamento Gruppo di Traino | F48: 0
C49: Diritto | F49: 0 | H49: =F49*G49 -> 0
C50: 90° | F50: 546 | H50: =F50*G50 -> 0
C51: 180° | F51: 704.2 | H51: =F51*G51 -> 0
C52: Collo d'oca | F52: 721 | H52: =F52*G52 -> 0
C53: Posizione speciale | F53: 879.2 | H53: =F53*G53 -> 0
B54: 26 | C54: Gruppo di Traino + Inverter | F54: 0
C55: Compact drive | F55: 0 | H55: =F55*G55 -> 0
C56: Standard drive | F56: 1960 | H56: =F56*G56 -> 0
C57: No drive | F57: 0 | H57: =F57*G57 -> 0
B58: LAVORAZIONI E FINITURE
B59: 27 | C59: Tondino su tubo guida superiore (Paradito) | F59: 163.8 | H59: =F59*G59 -> 0
B60: 28 | C60: Zincatura + Verniciatura | F60: 0 | H60: =F60*G60 -> 0
B61: 29 | C61: Zincatura TOTALE Impianto | F61: 0 | H61: =F61*G61 -> 0
B62: 30 | C62: Verniciatura guide e sostegni RAL (a richiesta) | F62: 126 | H62: =F62*G62 -> 0
B63: 31 | C63: Verniciatura veicolo + traino completo RAL SPECIALE | F63: 1353.8 | H63: =F63*G63 -> 0
B64: OPTIONALS
B65: 32 | C65: Pulsantiera Accompagnatore | F65: 197.4 | H65: =F65*G65 -> 0
B66: 33 | C66: Stazione di Chiamata Intermedie (2 pulsantiere comprese) | E66: Numero | F66: 396.2 | H66: =F66*G66 -> 0
B67: 34 | C67: Tettuccio copripulsantiera per impianti esterni | E67: Numero | F67: 42 | H67: =F67*G67 -> 0
B68: 35 | C68: Pilastrino per pulsantiera | E68: Numero | F68: 261.8 | H68: =F68*G68 -> 0
B69: 36 | C69: Alettoni speciali diversi da 200mm (min.100mm max.300mm) | F69: 474.6 | H69: =F69*G69 -> 0
B70: 36a | C70: Ramp Extenions kit | F70: 173.6 | H70: =F70*G70 -> 0
B71: 36b | C71: Short (fixed) ramp | F71: 173.6 | H71: =F71*G71 -> 0
B72: 37 | C72: Imbarco laterale (escluso 640x680) | F72: 1500 | H72: =F72*G72 -> 0
B73: 38 | C73: Tamponamenti Plexiglass | E73: Metri | F73: 630 | H73: =F73*G73 -> 0
B74: 39 | C74: Parapiede pieghevole (solo 900/1050 obbligatorio 1220) | F74: 546 | H74: =F74*G74 -> 0
B75: 40 | C75: Seggiolino Imbottito | F75: 474.6 | H75: =F75*G75 -> 0
B76: 41 | C76: Chiave abilitazione comandi veicolo | F76: 378 | H76: =F76*G76 -> 0
B77: 42 | C77: Bloccaggio Piattaforma a mezzo solenoide (Automatica) | F77: 474.6 | H77: =F77*G77 -> 0
B78: 43 | C78: Telo di Copertura per veicoli 640/750/800/900 | F78: 259 | H78: =F78*G78 -> 0
B79: 44 | C79: Lampeggiante e Cicalino da parete (tipo robusto Canadese AV) | F79: 460.6 | H79: =F79*G79 -> 0
B80: 45 | C80: Battery Back Up Compact Drive | F80: 3057.6 | H80: =F80*G80 -> 0
B81: 46 | C81: Battery Back Up Standard Drive | F81: 649.6 | H81: =F81*G81 -> 0
B82: 47 | C82: Battery Back Up Super Drive | F82: 5184.2 | H82: =F82*G82 -> 0
B83: 48 | C83: Chiavi aggiuntive | E83: Numero | F83: 8.4 | H83: =F83*G83 -> 0
B84: 49 | C84: Portata 300 Kg fissaggio a muro (se richiesto è obbligatorio tondino paradito) | F84: 217 | H84: =F84*G84 -> 0
B85: 50 | C85: Portata 300 Kg fissaggio a pilastrino (se richiesto è obbligatorio tondino paradito) | F85: 399 | H85: =F85*G85 -> 0
B86: 51 | C86: Kit cavi collegamento, Compact Drive (10 mt da Drive a Motore + 10 mt per alimentazione motore + 25 mt per pulsantiere) | F86: 324.8 | H86: =F86*G86 -> 0
B87: 52 | C87: Kit cavi collegamento, Standard Drive (50 mt per pulsantiere) | F87: 277.2 | H87: =F87*G87 -> 0
B88: 53 | C88: Richiesta speciale (da approvare) | H88: =F88*G88 -> 0
B90: 54 | C90: Smontaggio e smaltimento impianto | F90: =IF(G22=0,0,IF(G22<15,750,IF(G22>14,1000,))) -> 0 | H90: =F90*G90 -> 0
B91: 55 | C91: Trasporto in omaggio | F91: 500 | G91: 1 | H91: 0
B92: 56 | C92: Installazione in omaggio | F92: =IF(G22<10,1400,IF(G22<19,1900))+IF(G22>18,2500) -> 1400 | G92: 1 | H92: 0
B93: 57 | C93: Pacchetto Valore | F93: =G93*0.05*(SUM(H10:H90)+F91+F92) -> 0 | H93: 0
D95: PREZZO DI LISTINO | G95: =SUM(H10:H90)+F93+F91+F92 -> 14806.6
D97: PROMO | F97: 0.2 | G97: =-(G95*G98) -> 0 | H97: =IF(G98>20%,"ATTENZIONE!","")
G98: 0 | H98: =IF(G98>20%,"SUPERATO LO SCONTO MASSIMO","")
D100: PREZZO RISERVATO | G100: =G95*(1-G98) -> 14806.6 | H100: ="+ IVA 4% = "&G100*1.04 -> + IVA 4% = 15398,864
